"ATACAA","TCGTAT","TTTGAA","TTATTC","GACTAT","TAGGAA"
"CTATAA","TACACG","TGTTCA","ACTCAA","ACTTGC","ATTGTT"
"ACTTCG","TAGCAT","TCGGTA","GTACAT","TTGATT","TACCTA"
"TGCCGA","ACTTCT","ATGTCG","CCTACT","TAATAC","TGCCCT"
"GGTAGA","AAAAGC","ACTACA","TTCTTG","GGACAA","ACTGAT"
"CCTCGA","AGCGAG","ACTCAA","ACGTTA","TATCCA","TATATA"
"CGTAAC","TCACCC","AAGTTT","AGCAAT","ACCTAC","GTTGGC"
"GCTGAC","GCCGCC","GGTGAC","TTAGTA","GTCGGT","TCATGA"
"GCAGTT","ACTTAG","TTGCTT","TCTGTA","CGAAGC","ATTCGA"
"TTTGTA","CGCTTA","GTTGTA","TGGTTA","TGCCAC","TGTTAA"
"ACGTAG","AGCCTT","AGCAAA","TTCGTA","GAACTT","CTGGTG"
"CTGGCT","TTGACA","AGGCGT","ACGCGG","CGGATT","CTTCAA"
"CTGGCT","CGTGTC","TACTAC","TATACA","TTTGAA","TTCTTA"
"TCGTTT","TCAGAG","AAGTAG","AGAAGA","ATGCGA","AACATT"
"TATTAA","CTCTAT","AGTGAA","TAAAAT","AAAAAG","TTGTGT"
"TGAACA","TCTTGT","TACAAA","TATTTG","GCCGCC","ATAGAT"
"TCGCGT","GAGGAG","GAACAC","ATGTAG","TCCATT","TTCTGA"
"TCTCCA","TTGGCT","TGGTGT","TATTCT","CACGTT","GCGGAT"
"TAATAC","TCGTAG","CAAATG","CTATGA","AAATTA","TATTCT"
"AGATGA","CGTATA","TACGGA","TCTAAT","TTTAGC","ACGTGG"
"TCGTAG","TGAGTT","ATCTAC","TCATCC","TGAGCA","CAAACG"
"GGGCAG","GATTCC","TCTAAG","GTTTCA","TCTTTG","AAATTA"
"CGAGAC","GAGATA","CTTATA","AAACAA","ATGAAG","AAATTG"
"TCTCTT","CAACAG","GCACAC","AACCAA","GCTTGT","TGATAT"
"TTCATC","TTTAGT","TTATAC","GCTTTA","AATATC","ACGACA"
"CCTTTT","CATAAC","GCGACG","CTAGGC","ACAGCT","ATGCAC"
"GTTGAA","TCATTC","CTTGTC","GGACGG","ATTTCT","CGTTCG"
"TGCAGT","ATTAAA","AGTAGA","TTATAA","TGACGC","CTTTAA"
"TGGTGA","GGAACT","TCTATA","ATATTT","ATACTG","TATGTT"
"TGGAAA","TTAACC","TATTGT","TAATCG","GTACCT","CACCTA"
"TGAGTT","TAGAAT","CGACTA","TGCTTG","ATGCAT","AGTTGC"
"TGGACA","TACGAT","GAATGA","ATGGAA","GTGCAT","ACGGCA"
"TCAAAG","TTAGTG","GTCTAG","TGATGG","AAGATC","ATGTTA"
"TGGGTT","AAATCA","TGGTAC","TAAGAT","AGTTGT","TTTCTA"
"AATTCG","CCAATC","TAATCA","GGGTTA","AGTGCT","CTATGC"
"TTTGCA","ACGCGG","TTTAAA","CAATAA","ACCCTT","AAGCTT"
"AAATAT","TTTATC","AATAAC","GCCGTG","AACGCT","ACATAT"
"TCTTAA","CATAAC","AATTTA","TAAACC","CAAGCA","CCTCAC"
"TGGTTA","TGAAGT","TTACAA","CCCTTG","ATCTAT","CTCGAT"
"GCGACC","AAACAT","AGTAAG","GTTGTT","TTGAGA","ATCTAA"
"GCAGAA","GTGCTT","TTTATG","GCAATT","GCCAGT","CTTTGT"
"AATCCC","GGTAAG","TAACCA","TGGACT","TAGTTG","GGTCAA"
"CCCAAC","GATTTT","ACTGTC","CAAATG","GTACTA","TCGCTC"
"CGATGA","GCCCTG","CTTCTC","CGCAGC","TTGCGC","TGAAAA"
"CTAATG","ATTCTA","CATTCT","CATTAA","CCTTTT","TCTTCA"
"AAACAC","TATTGT","ATTGTG","GTGTGA","ATCCGT","TACTGT"
"TTAATT","AGGACC","TTACCC","TATCAA","GTGATC","TATTGG"
"GCTGGT","AGTCTA","TTCGAC","CGTAAA","CAAAAT","AATGGG"
"TCCGTA","GGCTAA","TGAAAA","GTATTT","GGTAGG","TACGAA"
"GACCTA","GGACGT","GTTTAT","CGTTCA","TTCATA","GTTTGG"
"AGCTTA","GAATGA","TAGACA","CGTCGA","CCCTGT","ATGCTC"
"TTAATT","AGCCGC","TGCAAA","AGTCAG","AACCAC","AACATC"
"CGTCAA","TCTTCG","CATGAT","GTGATA","CATTCA","GTTCGA"
"TTACCC","GAGAAC","CGTTCT","AAATTA","CCGTAT","AATAAC"
"TCTAAT","GCTTCT","GTATTT","CATATT","TCGCAA","TTGATA"
"CCGCTG","CTCTTT","GTTCCC","CGAGTA","TCAATA","TTGAAA"
"TAAGAG","CATATA","GCCTTA","GTGTGA","AAGAAG","GGTTTT"
"GTTGTT","TGTGAT","CTTGGT","ATGGCT","AATGAA","GATATA"
"AGAATG","ATATGT","TTTTCA","TCAACT","CTAACT","CTATAT"
"TTCAAC","GCATTA","GTTTTT","TTAGTT","TTCGCC","GCGGTA"
"TGGTAG","TTTGTT","GACTCC","AGTTCG","AGTGGC","CATTAT"
"TACATA","AATTGG","AGTAAC","TAATAT","AATCTC","TGTGCT"
"TCCCAC","CGTGCC","AATTCG","TGACCA","TTATCC","TCCTAG"
"TTTAAT","GACACA","CTTTTG","ATTACA","TACAAG","AGGTGA"
"ATTCTA","TGTTCT","GGGCAA","TTCTAC","TGTTTA","TGCATA"
"ACAGTG","AGAATA","CATATG","TCTTTT","CCCTAG","GATACA"
"AACATA","AAACTT","TTACCA","GGTCTT","TTATTT","ATCTGA"
"GCAGCG","TGAAAT","GGGCGT","TCGTAC","CATAAC","TTATGT"
"GCACAA","TACCAA","GACCTT","TCAGAC","TTTCGT","CGCACT"
"GCAGTG","TCGATG","CTACAT","CACAGA","GTACTA","TTGTTT"
"TCAGCA","GGAACT","CATCAT","AAGTAA","GACCAG","CATAGC"
"TGGTGA","TATTTT","TTTTTT","ACCCAT","TTACGA","CTCTAA"
"TCCATT","ATGAAG","TATCAA","TGATAA","CTGACG","GCACAC"
"TCAAGA","CTAACA","TAATTA","GAGCCA","CGAAAG","TAATCT"
"AATGAA","GGGTCT","GTGGAC","CTATAG","TAACAG","CGTTTA"
"TTCGTA","CAAAGT","AAAACC","TTTCAA","TTGGTC","AGGAAG"
"AGTGAT","AACAGT","AGTAAT","ATCATC","CGGGTG","ATCTTC"
"TTGCTA","GGATAG","TACTGT","TCTTTA","TAATTC","GTGCAA"
"TCCTCA","AAGGAC","GGATAA","TTTTTA","AGGCTG","AAGGTA"
"AAACTT","GCTTCT","ATGTGT","GACGTC","CAAGGG","GTCAAA"
"TAGAAC","GACTGT","ACAAGT","CAGGAT","CGGATT","TTCACA"
"GTCTAA","TCATGC","TATAAT","GCTACT","GCGATC","TGTATA"
"CCACAT","CTCCGT","GTCCTA","GGATGT","ACGTAG","GTTGAT"
"TGCTCA","CTTAAC","ACTACG","GATTAC","TCTCTT","CAGAAC"
"TCCCAT","ATCAAT","AAGCAA","TTATAC","AGCGGG","TCGCAA"
"TCCATA","TTATTA","AAACTA","ATGCTT","GCCCAG","ACATAA"
"CTAAAA","CCCTAA","TTTTGT","AGTATA","TAATCC","TATAGA"
"CTGTGC","AATGTG","CCCGAA","ATACTC","ACTTTT","TCTGCC"
"GATAAC","GTCAAT","ACTTGG","TGTTAA","ATGATA","TAGAAA"
"CAAATA","TTTACT","GTCCAA","GTAATA","GGCCTC","CAGATG"
"GATTGA","GCCTGG","GGTTCT","TTGAAG","CAATGT","AGAATC"
"GCAAAA","AATCTT","ACTGCT","TCCAAC","AGTATA","GCGAGT"
"AGTCAT","TCCTTA","GGAAAT","TCAATT","CCAAGA","CAGTAA"
"ACGCTG","CTGAAC","TCAGAT","GGTTAT","GGGCAC","ACGTAC"
"ATAGGA","TGAAGG","CGGCGC","TACGGT","TACCCT","CCCAGA"
"CTTTCA","ATTCGG","GGATTT","ATTATC","ACGATT","AGGCTC"
"AGAATC","CAACTT","ATTTGC","TACATA","CGTTAA","GTTTAT"
"GCTCCC","TACGTC","AATGCC","AATCTA","GGCGTT","CAGTAT"
"GATCTT","ACATCT","TTGTCA","GGAGAC","AACATA","AATTTA"
"TACTAC","CAAACG","GTAGAG","ATGAGA","AATGTT","CGTGAT"
"ATGATG","TTTATG","TAAGCT","CCCATC","AATTAG","TTAATG"
"TTGATG","TAGTAG","TAACTA","AAAAGT","TGCTCC","GTGAGG"
"TAAGCA","TAGTAT","GATATG","TCTTCG","AATTTA","GAAGTT"
"CGATTC","CTCGAT","TTGTAT","ACTCAG","TTACAC","TAACTC"
"ACCGGA","ACTCTA","GAGGGA","ATAGTT","ACGGAT","CCTAAT"
"AGTTAC","CTGTCC","TGAGAA","AACGAC","GTGTAA","TACCCC"
"ATCAAT","GAAGTC","ATTTCA","AATGCC","TTTTTC","CTCCCG"
"CCTCGT","AGAGGA","TCAAGG","TCACCG","AGAGCC","GAAGGA"
"CTAATG","GTAAGA","GACATC","TATAAC","GTTCAT","GATTCG"
"TAATAC","ACTATG","CGGACT","TTGTCA","AGTATA","GTATCT"
"CAGACC","TATTCA","AACGTC","GGGGTT","TGAAAT","TTGGTA"
"CTTTTT","GAGAAG","TTTACA","ATTACG","GGCAGA","CTCTAT"
"ATCATG","TCTAAA","CGTCTC","TCATTA","TACTAG","CAAATA"
"TCTGTT","ACAAAT","GTTGCA","AAGCCT","TGAATT","CATCGA"
"CCCACG","GCTGTC","ATTGAT","CAAGGA","TTAAGT","TGCGCT"
"GTGCTA","AGGCTA","TAATAG","AAACCA","TACAAA","GCTAGG"
"TCCTGT","TCTAAA","GATTGA","GCTAGA","CACCGA","TGGGGA"
"TCGATC","TAGTCA","TCGAGA","CAAGCA","TTTTTA","GTTCTC"
"TAACCA","TAACGC","AATCAG","TTTGGA","TGTTTA","CAAATA"
"AACGTA","ATCAGA","CGGGGG","AGCATC","CAGCAC","TAAGGT"
"AAGACG","ACTTCA","GGCTCT","TATCTT","ATTGGC","CTGTAA"
"GGACCT","GTTATG","TCCCAT","GTGAGT","TTCTAG","TCCATC"
"TGGTTA","ATATCC","TTGTAC","TTCCCA","GGAATT","AGTTTT"
"CTCTGA","CTTCTG","CAGAAG","GTAAGT","ACACGA","GTTTTG"
"TGGATC","CAAACT","ATCATC","TTAGAT","GTAATT","GTAAAA"
"GCCACA","AAATAA","CTTTGC","ATACCG","AGGCGA","CACAAG"
"AGCTGT","AGTGGT","TTCACC","CCATGA","TCAGAA","CCGTGC"
"TCTAAT","TGTTAT","TATTCT","CACGCA","AGTCAA","GCTTCA"
"TGTATT","TAGATA","ATGCTC","AAGTAG","CTTTCC","TCAAAA"
"AGGAGA","CGGTTT","ATATGC","CGAATA","AGTCGA","TGGAAA"
"AAATCC","CGGTAT","GGGGAT","GAGATT","CTTGAA","GATTAA"
"TATGGC","AGCTTG","TCATGT","AAGTTC","CACTCC","TATCTA"
"TTAACT","AAAGCT","TAGGCC","TTTCTT","CGTCGT","CATTTC"
"ACCATA","AGTATG","CACTTT","TTACCA","GCCTAC","TGTCAT"
"TCAAAC","TCAAAT","TGTTCT","TTATTT","AAAAAT","TCCTCT"
"AATCAC","AGTCTT","CTTCTT","GCAATC","CGACAG","AGATAA"
"CTTTCC","CGATTG","TCATAC","TGTTGG","GCAGAC","GATAAA"
"ACTTGT","TGTTAC","CTACTG","CACTTA","TCGTAA","AGTTAT"
"TAAATT","ATGTCA","CATGAA","CAATTC","GCCATC","CGGCAC"
"TGTTTT","GCTTCA","TGCCGC","AACTCT","CGAGAT","TTGCTG"
"GACAAC","CACTAA","CGTTAT","ACCGTG","CGGATC","TGGCTA"
"AAGTAG","CGTTAG","CTCATC","CTGTCA","TGAGAA","TTTCAT"
"GAATCG","CACCTC","AGATAT","CTCGTG","GTATGT","CGTTAA"
"TCGTAA","GATCTC","ACTTGC","CTTTTT","TAATAA","TCTTCG"
"GTAAGA","TGAAGA","TGCTCA","TATATT","ACATAC","AGGTCA"
"CGATGT","TCTCTA","AGTTGC","AATTTA","GTAGGC","TAGGCC"
"ATCGAA","CTTTCA","CGCGCG","TAAATC","TTTTTT","TAAATC"
"GACAGT","TGTATC","CGTTCG","CTGAAC","AGTATG","GGTTCA"
"GAGAAA","AAAAAC","CTCATA","ATAGTT","GCACGC","TGTTAC"
"AAAGCA","CAGTAA","ACAAGG","CCTCCT","CATCAC","CTTTAC"
"ATACCA","GAATGT","TTCCTG","AAGTCT","CAACGA","CTGTAC"
"TACATA","CAGTAA","TAATGT","AGAATA","ACAACT","GGGCAT"
"TACGAT","CCAAAC","GTGTCC","TTTTCC","TTAATC","CTTGTT"
"AGTTCC","AACAAA","TTGTAG","CAGATT","TTTTCG","TGCCTC"
"CATGAG","CCTTCC","TTCTAT","GAGGCA","GTTCTT","TAACAG"
"TTTGGA","AGGATT","ATCTAT","CTCCGT","GTGAAT","ATCCGC"
"GGCCTG","CACGTA","AAACAA","GTCTGC","TAACGT","GAAAGA"
"TATCAG","TACGAA","ATCAGG","ATGTGG","GAGAAC","TGCTTT"
"CCTTTC","TTCTTT","CCAGTG","CTAAAC","TCCTGA","GTACAA"
"GATCCG","ACAAAA","TGGTTG","GCAAGT","GCTGAC","TATTTA"
"GATGTC","ATCACG","AGCAGA","AATTCT","CCTACA","TCACTC"
"TATTTG","GTCTGA","TCTTGG","AAAATG","TTATAT","AGAAAT"
"TTTAGG","TATCCC","AATGTC","GCTTCT","CTTCGA","CAGATG"
"AATAAG","AGTGGA","TTTCGG","TCACCC","GAGTAT","ACACGC"
"CTCTTT","GGGACC","AAGAGT","CTGCGA","GAAGTT","CGTTAA"
"AACACG","GAATTC","GGATAA","TAGCTC","AAAAAT","GTATGA"
"TGCCTG","TAGGCG","CGTTGT","AGAATT","GTTAAG","TTTATT"
"TAAACC","ACCCAT","GAACTA","AAGCTG","TAAGGC","TTATCG"
"TGTGTG","TTACTT","GACAAG","AGGATG","TATATT","CTTAAT"
"AAAGAC","AAATAT","TCTGCT","TCGCGG","TTTTGT","AACACG"
"CCGGTG","AGAAGA","AGGAAA","GCGTTG","TTTAGT","AACAGT"
"TAAGAT","AGTCGT","GGAGCT","CATAAA","AGATAT","GAGTCT"
"CTGTGT","GACCTC","TTATGA","ATGCAT","GGAAAC","TGGAAT"
"ATTCTT","TCAATC","CGCAGT","ATGAAA","CCAGAG","CCTATA"
"CCATTG","AACATC","TCAACG","CATTTC","GGTTTA","ATCATT"
"AATACT","TAATTT","GCGTGT","ACTCAT","GGACTT","GGCGCT"
"CGGCAG","TCTTCA","AAGTAA","TACGGA","GCTATA","TATAAC"
"ACAGGG","CTTGTA","GGGGAT","AGAGAG","ATACAC","ATAATC"
"ATAGGT","GTATAA","TACGAG","TGGATG","TAGTGT","TAAATC"
"ATCGGC","TCGAAA","CAACAA","AAGGTC","CCAGCA","AGTGGT"
"TTTGTT","GACGTT","TGGTGA","ATGAAG","TCCGGG","GATGTA"
"GTTTAT","TATTCT","AAATTT","CTTTTT","AGGAAA","TAAAGG"
"TACCCT","TAAATT","TAAAGC","ATGATT","GTAGGT","GACTAT"
"TGGGAC","TAGTCT","TTAAAT","GGCTTC","AACCGA","ACAACC"
"AGTGCC","CAGGAC","GGTTAA","ACGTGC","AATTCG","AGTAGA"
"CAAGTT","GCGTAG","TAAGAC","AGTAAA","TTTTTG","TTCAAC"
"GAATGG","TGTACG","CGCCCG","TTTTAA","GCGCTG","CGGGAA"
"CACTCT","CTTCGA","TGATGT","AGAGAC","TACATC","GCTTGT"
"AATCCA","AACGAC","TCAACG","TATCCG","ATTATC","AGGGTG"
"ACTTAA","CTATTA","ACGAGT","AGGTTG","GGGACG","CTTTGA"
"CTCCTA","GGACAA","GCATGG","CATAAC","CGGACG","TGTGCA"
"GAGTTT","AAGGTC","GGATTT","GGCATG","CTATAT","TGGAAA"
"CAGAGC","GTATTT","AACTCA","CCAGGA","AATCTG","TCAATG"
"GCAATG","TCCCGA","CTATAG","GCTAGA","ACATAA","AATTAA"
"TAGCAT","AAGCCA","TAGTCC","AGTGAA","AGATGG","TTTCCA"
"GCCTCC","TCAGAC","CCAAAT","ACTGAT","TTAGTT","TGTTCC"
"GACGTT","AGTAAA","TTTTTC","TGGACT","AGTGGA","AACCTT"
"CGTCTT","CAATGA","CCTGTT","ACACCT","GGGAGA","CACTTT"
"AGATAC","TACCGC","TTACTG","TTGGTA","CTAATT","TTGTTG"
"TCCGTC","CTTGCC","CGTGTC","GTTTAA","CAGGCT","CACAAT"
"CGTACT","TGGAGC","TAGTAT","GATAGC","CTAAGA","AGGGTT"
"TCGTAT","AATCGG","AGAATG","TAGTAC","CCGATA","TAAGGT"
"CCCTAA","AGGCTG","CATCCT","ATAAAA","GGTATT","AAGAAA"
"TCGCGC","TTTTAC","ACGAGA","AATTCA","TAGATT","CATTCG"
"CCCCGT","AACGAG","AGCGCT","AGGTCA","ACATTG","CATGCT"
"TTCTTT","AGAATA","GTTATC","CCTACA","ATAACA","TAGACT"
"TTGTCA","TACTAC","ACAAAT","ACATTT","TCGAGT","AGGATA"
"CTGTTA","CAATTG","GGCTCA","TATTGC","GATCGG","CAGTAC"
"GGCTCG","CCCTAT","TATGTA","TTCCTT","GTTCTA","GATACA"
"CAGCAA","GTATTG","AAGAGA","CAATTT","GGGACA","ACTTTA"
"TACTTA","ATTCTT","AAGAGA","CTTGAA","ACCGTA","ACGCCT"
"GTTATG","AAGTAC","ATTACA","ATATGA","GACATA","TCCTTG"
"TATGCA","ATCACG","CATACC","TTATAT","AGGAAA","TGCGAA"
"GCACAA","TTATAT","GTGCAA","CAAATC","TTCCTT","GGATGA"
"AATCGG","TGATGA","TCGCCA","ATTTGT","GAAACG","AGATTT"
"TAATTC","AGTATG","ACCCTT","AGATGC","GACAAA","CCAATT"
"GAAGTA","GCCTAC","AGGAAA","GATTTC","GTTAAG","GCACAT"
"GCCACT","ACGTTA","TTTTAA","ACACTT","GACTCT","ATCCTA"
"GCTAGT","TTGATA","TTTACG","ATAATC","ACCTCT","CGCCCA"
"ACAATA","CACCTG","CATGAT","GGTTCA","CCCGTA","TTTAAT"
"GTCTCT","ATACTT","GGCGCG","TTGCCT","AGCAAT","GCCTCA"
"CATAGT","GCCAGG","TAAATT","AATATG","CTAAAC","CAGGAA"
"AATGTA","GGCCAA","TAGAGT","TATACA","TGTGGT","CCCCTC"
"AGGAAC","CGGAAA","GGGTTT","TATTTC","GGACAA","ACATCG"
"TCACGC","AGCCAA","CAATAA","ACACTA","TAAACA","TAGAGA"
"CCTTTA","TTATAT","TTCACA","AATTCT","CTGTTC","TTCTTT"
"TATAAT","CTAACA","ATTGGT","CTGTAT","CGGGTA","TAACTA"
"GACGGG","AATTTG","ACTTTC","GGATCT","CAAACT","TGTATA"
"CTTGAA","TAAATA","AGGCAC","AAGTAG","GCAACA","TCCCAA"
"ATAAAA","AAATAT","AGTAAA","CCAGGA","TCTCCA","AGTTGA"
"CAAGTA","AGCACC","GAAACG","CGCCGC","TACTCT","AGCACG"
"TGCTAG","AGAAAA","GGGCTT","TAGGAT","CATAAC","GAGGCA"
"TGTGAG","GCGAGT","CTCGTT","ATTCCC","ATCATT","GTTCTG"
"GTCTTG","AGGTTC","AGTTTT","CTAGGA","TGAGCG","TCATGT"
"CTAGCC","ACATTC","CTAATC","CTAAGC","TCTGTC","CGGGCT"
"TCGGCG","GTGAGC","AAAGAA","AGAACC","AGCTAC","TGGAAA"
"TATTCT","GTACCC","CTCTGT","GGAGAT","GTTAAC","CTGCAG"
"AAAGCC","CCGATT","TATGCA","TCCATA","TATTGA","GTATAA"
"ATTTCT","ACGCAC","CACATG","ATAACT","GAATAC","GTTGAT"
"ATCTTC","GCGTCG","CTTTGT","ACCTGT","AATTAA","CTCACA"
"AAAATC","CTTGTG","GATAAA","GCCTTG","ACAACT","TTACTT"
"AGTGTA","GGAGTC","GGTATA","GCCCAT","GTTCTC","GTTAAC"
"AGTAAC","CTGATG","GCTAAA","CGGTAT","CGATCG","AATCCC"
"TTCAGA","AGCATT","GTTTCT","AAGGTC","TACCAC","CATGGG"
"CATCCT","GCGTTC","CGGTTG","CATTAT","AGATGT","GTTTAA"
"AATTAT","TATGAT","ACATTT","GAATTG","GCTTTC","TACTTA"
"CATGCA","GCGAGC","AAACTG","AAGGAT","CTCCAG","CGAACT"
"TTCTGC","CGAAGA","TTTCCA","TTGCTG","TTTGGA","GGTCTT"
"ACAAAA","AATCTA","GCGGCA","AGGTTA","TTCGAT","TGGATG"
"TACCAA","AGGGCA","AGTGAA","AATATT","TTATGG","AGTTCA"
"ACCCAC","CACCGT","GTTCTT","CGAACT","ATAACT","TTTCAG"
"TCGCGA","ATAATT","CTGGGC","TATCAA","TTTAAG","CATAGT"
"AGCATC","TATCGA","GTAGTC","AAACTT","TTATTC","TCTAAC"
"TCTGCA","TATTCA","TATCTA","TTGTCT","GGTCAG","TGGTCA"
"CATAAT","TGGGTT","ATTAGA","TAATCA","TTCACT","TGGGGA"
"AGCGTG","TTACCC","TATAGT","TTAAAA","CAGTAC","TCCCTA"
"CAGCCC","AAAATT","CTATAA","TACGTT","CAACAA","ATAAAT"
"AGCGGC","GGTGAA","TTACCT","CGATTC","AATCAC","GAGACC"
"TACGTA","GTGTTA","ATCGGC","TAAACA","TATTTT","CAGAAT"
"GTAATC","GTTTTC","TGTAAT","TGGTGT","CCAGTA","AAACGG"
"CCGAGT","GCTAGC","CGGGAT","ATCGAA","ATGCTA","AGAGTT"
"CTATTT","TAGTGC","TAATAA","CATGGA","ACTGGA","GAGGAT"
"TCTTTA","ATCAGG","ACATTA","ACTCCG","TATTTA","GAGCTA"
"CATGCA","GTATGG","TCAGAA","CTGGAC","GTACTT","CGTACG"
"ATAGAA","CAGTAC","GCACAT","TGACTA","GTGAGC","GCGCGC"
"TATGTA","AAAGTC","CATACA","CTAATT","TTCGTT","CTAACA"
"AGATAC","TCTTTT","GGCCCC","ATTTGG","TTCCCG","GTTGTC"
"ATTACG","GGTGAT","CATTAT","GTTGGT","CGACTC","GAATAA"
"TCTAAG","ATACAA","TAAAAA","TATTTC","GCGATA","CCACCG"
"TTTGTC","AGATAA","AATAGG","AGGGAC","GAAGAG","TGTTTA"
"GTATAG","CGACTT","CTGTTG","GATAGT","CGGATT","GTATTG"
"TATCGT","CACGGC","AGGTAT","GCTATG","ACGATG","GAAGAA"
"GATCCT","TTATTC","TGTTTT","ATGCAG","AAGTAA","TTTGTT"
"TGACCT","AACGCA","GTTGGG","GATAGA","CCATTT","AAACTC"
"GAACCT","AGCTTT","GTGCAA","GAAGAT","TGCCTA","ACTTAG"
"ATATTA","AACCTT","ACAAGT","GTCAGA","TAGCAA","TCACTA"
"AATTCA","TGTTCT","TCCGAT","GAAACA","AACCGA","GTAGGT"
"GGGCTC","AATAAT","GGTAGT","CGGTAT","TAGCTT","TCGTCA"
"CAAACT","GTATAG","ATCTAA","GTTTGT","AAATAT","TACAAA"
"TGTGCG","GCAACA","GGGGTA","TAGGGC","TGTAAA","TATTCC"
"CTACCC","CGAATT","ATAGAG","AATTAG","AAACCT","TTATGC"
"TTACTC","GTGCGG","CATCAT","TATTTG","GATATC","GCTCAA"
"GACCTC","AGATAC","GTAAGA","AAAATC","GGCTGG","TGTGGT"
"GAAAAT","GGCAGA","AAAGAG","AGTAGA","AGATAC","ATGATT"
"GTAAAA","ATTTAA","CAAGAC","AAGGGT","CGGTTT","GTACCG"
"GGCATA","ATATTC","GTTAGA","ACTGTT","ACTCAC","GGAGCT"
"CCGTTC","GATTTT","TAGATC","AAATGG","AGCTTA","GTTCGA"
"AAGGCT","CATATT","GATGAA","ACTGGA","ACAGTT","TGCACT"
"ACATCC","ACGGAA","TCTTGC","CGTACA","TCGTAT","CCACGT"
"GTGATC","CATGGG","TTGCAT","ACAAGA","TAAGTA","CCATCG"
"CATAAT","TTCATA","TGAGTT","CTGAAA","AGTTCA","CAGAAT"
"AAAAAG","CTCGTC","TCGTCA","TCGACA","AGACAA","TATGCA"
"TAGTTT","TGTTTA","CAATTT","CTGCAG","TATTTC","GATCCT"
"CCTGTC","GGCAGT","TCGGTC","GGAAAT","GCAAAA","GACGGC"
"ATGAGG","AGAAAT","CTTTGG","AACGGG","ATGCTT","GATAAG"
"CATTTG","CTAAAT","GGAAGG","GACAAA","ACCTGG","AGCATT"
"CTAGAT","TTTCCT","ATGATT","CATGCT","TAACTT","TTCTCA"
"ATACTT","GTCTCG","GGAATC","AAATGC","TGTTTA","TAAGGC"
"ACGTTT","ACAATC","CCTGAA","CAGATA","ATGTTC","TACAGG"
"TGCAAA","CTTAAT","AGGTTT","GTTTCG","ATGCAC","GGCTTA"
"GACAAG","ACCTGC","ACTTAT","GGATAA","ATCCTT","TCGTTT"
"TCACAT","ACCGGA","AATGAA","CTAATA","AAAGCT","CTGGTA"
"TCGGGA","ACGGAA","TTTGTA","AAAGAT","TTATAC","TAGTAT"
"CTTAAA","GTCCAC","AATAGA","CTGACA","TAAATC","TAACGA"
"TTACGA","GCACGG","GTGTAC","TACGTA","CCTAAG","TACTAA"
"TCATAC","AGTTAA","GGAGAA","AAATAA","ACTGGC","ATTATA"
"CTTATA","GTTTTT","GTATGC","TTTTCG","ATACCA","GATCCA"
"CCAGAA","TATTAC","CTGTTT","GCAGGA","ACTCTA","AGGCTG"
"AACTCA","TCAATT","CATCTA","AGTTGG","TTAGAG","TTTCTA"
"TGTTCT","CCGACC","AGAAGG","TAAGTT","TATAAT","CTTAAC"
"ACATGT","TTTAAT","GGTATG","GCACAT","ATAAAA","TGAGCT"
"ACAGCT","TACTGT","GCAGGC","ACATTG","TGCGCG","TTATAG"
"GCGTAC","TAATCT","ACTGTG","CCGGGC","TGGAAT","CTAAAA"
"GGATAA","ACATTA","GTTTAA","TACAAC","ATAGCT","AATCAT"
"GTATAC","CTTTAC","ACTCTC","TAGTTA","CAGTTT","GAAAAA"
"TCCATC","CTTGCT","GGCGTT","CGAATG","ACGAAA","ATAAAT"
"GACTCT","AGTGAA","TTTCAT","CATAAA","CTAACT","TTAGGC"
"GTTCAG","CTTTGT","AAATAG","AAACCT","CCAATA","GTAGAT"
"TACTGT","AACGAA","ATGGCA","GCATTA","TGATCG","TTATCT"
"TAATGG","TTTGAA","GGGCGG","TTTCTA","GTGCGT","AGTAAA"
"TCGTGT","AATCGT","GTATTC","CGTAAA","GATAAG","ACTGCA"
"CTACAG","GATTTC","CGTTCT","CAGGCT","TAACTG","AAGAGC"
"TCGCAC","TACCCT","CAGCTG","TGAAAA","TTTACA","AAACAA"
"TACAAA","TTCTTG","TATAAA","GTATTA","TCATGC","GTGTGT"
"TATACA","GTTAGT","GCTAGT","TGATCG","ATTTGA","ACCAGG"
"TAAGAC","GCTACT","GGTGTC","TAGTAT","ATCCCA","AGCTCT"
"TTTAGT","AGAATA","GCGCCT","ATTGAG","CGAAAA","CAAGGT"
"GTCTAA","GTGGCT","GGCACG","TAGGTA","CAAGGG","CACCGC"
"CATTGA","AAAGAG","TTATTC","AGTCTC","TAACTT","GCTCTG"
"TGACAC","AAGGTG","ATTTTG","CCGCGT","AATTAA","TCGATT"
"CTCGAT","GACAGA","ATAACT","ATATTC","AAAGAT","GCTAAG"
"GGAAGT","TTCGTT","GATACA","ATATAG","TAAGCC","CAGCGT"
"GGTTAT","GACGAT","CCGTGT","GACTTA","ATGTAA","ATTTGT"
"CAACCT","AATCAC","GTCCTT","CTGCTG","AACCAT","AGCTAG"
"GATGTG","TGAGCT","AGTTAG","GACACT","TGAACT","GTCACT"
"GGTTAT","CGCTGT","CTATAA","AGGTTT","ACGGAA","ACCGTC"
"ATATTA","CATGTG","TTAAGT","TGCTTG","ACCCTC","CTAGTT"
"TTAGTA","CTGCCA","GGAACT","CTTGGC","GAAAAA","GGCGAC"
"GCGAGG","CTCTAC","CAAATT","ATGCGA","ATACGT","ATTTCG"
"TTCAGT","CTATGA","GGGAAT","GGCGAT","GTGAGA","ATTCAT"
"TGAATC","CTTATG","GAAATT","TTAGCG","CTTATC","TACCAG"
"TACCTA","TATTAA","GTCCTA","GGAAGT","TCGCCC","ATCTGA"
"AGATAG","GACTGC","GAAATC","TCGCAA","ACTTAT","TTATCC"
"TATCGA","AAGTGG","CCCCAG","TAAAAG","GGACAC","GGGATA"
"TAGCTC","GGCTGA","GGCTAC","TGTCAA","CGTGTG","ACTGCA"
"TTGTAT","ATAGAC","TCATTC","TAGACT","AGGTAA","TGCAGA"
"GGTAGA","ATTAAG","GGTTCG","CTACTT","TTGATT","AACCGC"
"AATACA","AATTTA","TTGTTC","TAGCGT","TCCGAC","TATTTG"
"GATCCT","CAATGA","ATATCT","TGATCG","GTAAAA","ATAACG"
"AGGAGA","ATAATA","CCTTTT","AAGGAA","ACTATG","AGTCAA"
"GTATGC","TGAATA","TCTGCT","GATCGT","CATCAT","GATGAA"
"ACAGGT","GCAGTA","CCTTAT","TTCACG","TACGGG","GTGTGG"
"TTAAAA","CTTATT","CCTCAA","TTTAGT","CTGCAA","GAGATT"
"AAAGGC","AACTAG","TTCGAC","ATTTTA","TGTCGT","GGATCT"
"CTGCTC","CGTCGG","GTTTCG","TATCGC","GTTCTT","TTTTAC"
"AACTCC","CCCCGT","AGGATC","ATATGA","ACCAAC","CGTGTC"
"GCATGC","TTCGCT","TCGAAC","TATAAT","TCCGAC","GGTCTT"
"CGACCT","ATTTGT","ACAGCT","TTTTCC","TTGGCT","GTAGAT"
"GTGAAA","GGTGTA","GAATTG","ATCACT","TAAGAG","CCATCC"
"ATTTTG","TCCGCT","CAAAGA","CAATAT","GTTAAG","AACCAT"
"GCTAAT","ACCTCT","TATCCC","TTTCAA","CAAGGT","GCAAAA"
"GACTCT","CGCATG","GTGTTG","ACATTT","GGAGGT","AAGAGC"
"AGAATG","TTCATC","ATCACG","TAGAGG","CCCTGT","TGTAAG"
"AAAAAA","CGACCG","TAATTT","AGGTTA","TATCGG","CGATAA"
"GTTTTG","AGGATT","TCGAAT","ATAAGA","TTAACC","CGGGAG"
"AATCGG","AAAGCG","CCTAAT","ATCTTA","CACTGT","TTCGGT"
"ACCCAG","TTCATC","ACATTA","ACTCAC","TGAGCA","TATATT"
"ATGGTA","AAGGTA","TTTGAG","AGTCTA","TAAGTA","AAAACC"
"CGCAAG","GAGAAG","CAAGGA","GAATAA","GACTAT","CATATG"
"AGTATA","ACCTCT","ACCTAG","GCTGGC","ATGCAG","ATCAGC"
"GAATCT","ATCGAG","CTTGAT","AATTGC","GAAGTA","GCTGAC"
"AGGAAG","CTTATA","GGAACA","CTGATC","CATGGA","TTACCT"
"ACGGTA","GTAGTT","CGTCAT","AATACC","GATCAA","ACATCC"
"TAGCGG","AACTGC","TTTGGA","AGGTTG","GGAATA","ACTTGT"
"GAAAAG","GACTTC","TTCTTG","AATAGG","TCCGGC","AAATAT"
"GGCGCG","GGTACG","ACAAAA","GTAAAT","AACGTT","TTTAAG"
"TTGATC","GAAGGC","CACCAT","CTATAG","GCATCA","CTGTTC"
"TGCACT","CAACCG","ATCGTA","ACGAAA","GACCCT","CCAACT"
"AGTGCT","TCATTG","CGCTCT","ATTATT","ATCCAG","CAATAT"
"GCCCAG","ATGGCT","CTGTAA","CACGCT","AATTCG","CTGATA"
"AAAGAA","GTCATT","TTTCCA","AACTGT","GATACA","AATTAT"
"TAGAAC","TTCTGT","AAGGAG","AGAGAG","GAACAT","ACGGTC"
"ACCAAT","TAGGAA","ACTTTT","GGTTTT","GAGTAC","TTTCCA"
"GTTGGG","AATATA","ATATTG","GGTTCG","TGGAAC","GTCACA"
"ACATAA","CAAGAA","ATTTTG","CTCTAA","TAATAT","CTCACA"
"ATATAA","CTTCCC","TAGGTA","CTGGGC","CTTAAA","AATTAC"
"GAAATT","CGCCAT","CTACCT","ACCATC","TAACGT","GTCTGG"
"TATGGC","GCTTAT","TACAAG","GCCCCC","CGATCC","TTTAAA"
"AACCAA","TAAACT","ATAGTG","CGCGGA","GTTATA","AATTAC"
"AAACAT","ATCTTC","TTAATA","TCGATG","TCGTCG","CGGAAA"
"AACTAT","CACTAG","GTCCGT","CTCATC","TCGTAA","ATCATT"
"CCTTGG","TTTACG","ACCCTA","ATCAAT","TTGTCT","CGGGAG"
"TCTGGG","AAGTAT","GCTCAA","TCACTT","GCAACT","GTAGCA"
"CTCTGG","CTTATA","GTTATC","TTGTCA","TCTTGG","TCTCAT"
"GGTTGT","TAGCAT","TGGACT","GAAAAA","TACTTG","GAGTCT"
"CCTCAT","TATGAA","AGGCTG","ATATGT","TAATAG","ACCGTC"
"CATCGC","CAGACG","GGAGCA","ATACAA","CTATGT","TGTCCC"
"GGGATT","AGCTGA","CGTCGT","TGCACG","CAAGAC","CGATGT"
"TGCGCG","CAAATC","TTGTGG","CTATTA","CTAACG","ATATCG"
"GTTATT","TCTAAC","AGTAAG","TGTTCC","ATCCTT","AATTCT"
"CTCATA","TGCTTA","ACAGGG","CTGTTA","GTATTA","AGACGT"
"CCATAA","CCGTTT","GCATAT","TATCCT","AGCTTT","CATTCT"
"TCCCTT","ATTAAC","TAGTTC","GACCGT","ATTGGC","ATACCT"
"TCGAAG","AAAGAA","ATGGAA","TACTGG","GTTGAC","AAGCGC"
"AAACAA","GGGTTG","TTTCCC","ATAGTG","AGATTA","ATAAAT"
"GGCTGT","GCGAGG","AACCTA","TACTTC","AAAGTG","CGTAGC"
"ATATAC","CCCCGT","GATAAG","TTATCG","GCTGTT","AGGAAA"
"TGATTA","AGGCAG","GGTGAT","GACTAG","GTTTGC","TTCGAA"
"CAATGT","GGTTCC","TAGGAT","GTTTCC","ATGTGC","TTTTGT"
"ATCGTC","CTGCCA","CTACAA","ACATAG","TGCTTA","TTTTAT"
"TTTTTA","ACATTA","TTAGCT","CTTCAA","GAGTAC","GTTGTT"
"CATCTC","GGAACT","TATGCG","GATTAA","TATCGC","TTTTTT"
"AATTTA","TAAGAG","CAAGTT","TCTTTG","ACAAAG","CTTAGG"
"ACTAAC","TGAGCA","ACATAA","GAATTA","ACGATA","TCCCTT"
"TTACAT","CACCGC","GACTTT","CTTTCG","ACGCAT","AATAGA"
"GAGTTA","ATCCAA","TAATAA","AATAAA","ATACAG","ACCCCA"
"CGTGGT","TCATTG","TAGAGG","TCCTCT","CTGCTG","GAGCGA"
"TTTATG","CAATTC","TATACC","CAGTTC","GGCCAT","ATGTGT"
"CTGAAA","TCTTAG","CTGATG","ATTCGT","ACTATT","ACTCAT"
"GATAAA","GACTTG","AGATCG","GTCCTG","CGCCCT","GTTCCG"
"TGGTGT","CTACAC","GTTTAA","TTGAAA","ACTGTA","CATAAC"
"ACAAGG","AAATAT","ATTTGC","ACCTTA","TGGTTA","AGCAGC"
"GTATGT","GAAGCA","GGATCA","TATCAG","CACCTT","AGCAAT"
"CCTGCT","ATCCTA","ACCTCG","GAAAAG","GAATTT","CTTAAC"
"ATCCCG","CGGCTT","CTATAA","CAAATA","TTTCAT","AATGAG"
"ATTACG","TGTAGA","TATATA","AATATT","TGATCA","CATAGT"
"CCGTGA","CCGACC","TTATTT","ACCATT","GAGCAA","AACTTA"
"ACGCCA","TTCTTC","AGTGGA","AAGACA","AAAAGT","AAAAGT"
"TCATTG","AACCCA","ACCTTT","TACTGT","TCTTTT","CGTAGT"
"TATCTA","AGGCAG","CGTATG","GAATAT","AGTGCT","AAATCT"
"AATACC","TTTTAC","TTTTAT","GACTAC","AGATGT","AGACGA"
"AAATAT","GATGAG","GAAGAG","CTTATG","GGGTCT","AACCAC"
"CTTTCA","TAACAA","CAAGTT","CACTCC","GTTAGA","AGTGTC"
"CTGTAT","TATGAG","GACCGG","GTTTTA","GCCCTC","GCTCGA"
"TTAACA","CGGGTA","GCCGTC","GTTTAC","CCATGT","GTACAA"
"GAACCT","TCCAGA","GGCTTC","TCAAAT","TTAGCT","CGTCCG"
"GAAGCC","ACTAAC","TCTAAA","TCTCAT","ACACTG","AAGGGG"
"TACTCA","TCGGGA","CCAGAC","AAATCA","CTTATG","ACATCT"
"TCCAGT","TTTGGA","TATACA","TCTGAC","CACTCA","AATTGC"
"TCCACA","GGTAAT","TCGTAG","TTGTCG","GACATA","TTAGGT"
"CTATGT","CTGACA","AATATC","AGAAGA","AACAAA","AGATAT"
"AATTAT","CACATA","CTTTCG","GAGCAT","TTATAC","ATCGAA"
"GTAGTC","GCCCGC","TCTAGT","TATGCC","GTTACT","TCACTA"
"AGTTCT","GTGTAA","TGATGA","GATGTC","TCGAAG","AAATTT"
"CATATT","CAAAGG","AAACCA","ACTCTG","CTACAT","AATCAA"
"GATCCA","AAATTA","TTACAT","TACTCA","GAAGGT","CGTTAT"
"GCAAAA","CGATAA","TAAGTC","ATTACT","AAGCGT","TTTAAC"
"GGCCAT","AGTTTG","AATCAG","AACAGA","CTCTAA","ATAAAA"
"TTTAGT","ACTTAG","ACGGGG","ATCACG","TTTCAA","CTAATT"
"AAGGCG","TAGCAC","GTTCTG","CAGATT","CACCGT","CCAATC"
"GACAAG","TTGTAA","GTGATA","CACACA","TACTTC","ATCCTT"
"GTTAAC","ATGACT","CAATCC","AAGATA","TCTCTT","CGGGCC"
"AACGTA","AGGAAA","TATTTA","GGCGGG","TGGAGA","TACTCC"
"GTCGCT","TTCCTA","CTGTGT","AGCGCT","CCACGT","CATAAA"
"GCTATC","CACTCA","TCAATT","AATCAT","AAAGCG","AATATA"
"ACGGGT","TGGGAT","AATAGA","TCCCGA","CCTAGT","CACAAC"
"AAGTTG","ATGGAC","AATAGC","AACAAA","GGACCC","AAATAA"
"TATTAC","ACTTCA","AGACTA","TCCTAA","CGGCGA","TATTCT"
"AAAGTA","TTCCGG","AGTGGA","TCGAGG","CTAGAC","TGGTCT"
"AAGTAG","CTAGGT","AATAGC","ATAAAA","AACAAT","CGACGA"
"CCTAAT","AGTCGG","TCCCTA","GGACAA","TCCGAG","TCACAG"
"AATTAC","ATTATA","TAAGAT","GAAATA","TCCAAA","AACCAA"
"ACTTAA","TCCAAT","CGTATA","GTACTT","CGCAAA","AGATTT"
"AAGCTC","CAGGGA","ACATCC","TTAAAC","GAGTGA","GCTTTG"
"CCGAGC","ATCTCC","CAAGAG","AAAGGG","GTGGTG","GTAACG"
"ACATAG","TCGTCG","CCCGAG","CCATAG","TTTTAA","TTGCTT"
"AAATGC","CAGATA","TGCGTT","ATGAAT","ACTTGT","GCTTGC"
"CGTGTG","TTATTT","ATTAGT","ACAATT","ATATAG","ATCATT"
"ACGCAG","GATCTT","ACTTTT","TCATTC","AACTTT","GCACTG"
"ACAGAT","CCTCAG","TCGTGT","GTCGCC","TTATTG","TTATAA"
"AGTGGA","TAACAT","TTCCAA","GTTACG","CAAAGG","AGGGTA"
"ACTCCC","AGTTCC","ACTTAA","TAAGAA","AGTCGA","GCCTTG"
"TATTGA","TATATA","TGGACC","TCCATA","CCAGGA","GCTGAG"
"ACGCAG","CAGCTA","CCTAAA","CGGATG","TGTTAG","CTTTCT"
"TACAGC","TTTGCA","ATTCTG","ACCAGC","TGGATA","AAAATT"
"TTTGTG","ACTGCA","TAACCA","ACCTAT","CATACA","CTAGCT"
"TGTGTA","GTAATA","TTGACG","AAATCA","GGTGAC","AAATCC"
"TTATAC","TAAATA","TCCTAC","AATCAG","TAGAGA","AAGACA"
"CCTATA","AGCACT","CATATC","GAGAAA","TAAACA","GCACTT"
"GCGACC","AAGAGT","ATAAAG","CTCTCC","CTTTTA","GACGTC"
"GAATTT","CCTCCT","CTGAAG","AATTAT","AGTTGT","AAGCTA"
"ACATTT","AAGCAC","TCACCA","GTCTCG","CTAGAG","GAAGAA"
"TGTCTT","TACTAA","AGAACA","GATAAA","ACACGA","ATAATA"
"AGTTCA","AACCGA","ATATTA","CTAGAT","ATTAAC","TTACTT"
"GAACTA","GTCGTG","TTATTG","CTATAC","CTATCG","GTTAGA"
"CGTTCT","CAATGG","GTGGGG","AAAACT","TTCAGC","ACTAAT"
"CTATCT","AACTTT","TATATA","TACAAG","GGAGTG","TAAGAA"
"CCGTGT","TGTATT","AAGTGG","AGTATG","AAATTC","TCTATA"
"AACTCC","CACTGA","CACTAT","TAATGT","TTCGAA","GGTCCT"
"TACTTT","ACTAAT","TAGATA","ACGGTA","AGTGTT","GTGTGC"
"GTATAT","GCCAGG","TTTCAT","GTGATC","AAATGA","AGTTCA"
"TGTACT","TTACTT","TGTTCA","GATTCT","ATCTAG","TAAAAA"
"GTTGAC","TCAAAA","TCTGGC","AAGTTT","TTTACG","CAAAAC"
"TCTTGT","ATTTAC","CTTGCG","AATTAA","TTAATT","AGGTCT"
"GTCATA","TCATTT","ATCGTG","TAAACA","CTATGA","TGTAGA"
"ATGTAT","GTTTAC","GAGCCT","ACTCGA","GTTGTA","AGTCTC"
"TTTTTT","ATTGTT","TTCGTT","CAAGAT","CCTATT","CTAGTT"
"ATTTGT","AGGCAC","TGTGAC","TTACTT","CCAGTA","TATCAC"
"TGATGT","GTCTAT","TTACGA","GATCGT","AAAAGT","TTTGAA"
"ACAAAC","TCAGTC","TTTAAC","CGTGGA","AACAAA","ACCGTT"
"TTCGTC","TTTCAT","GTATAG","TGACGA","TAAATT","TATGTG"
"TTAACT","CTGTTT","ACCCAC","AAGTGA","CTCCAG","GCTGTG"
"AGATAA","CATTCC","GTACAA","CGCTTT","ACCCAT","TAATAG"
"CCTGTA","CGCGTA","ACCATC","GGAGTC","CATGAA","CACAAA"
"GCCATC","TATACT","GTGTGT","AGGAAC","GGTGGG","CACTTA"
"TCGGTT","AAGACT","TGATTC","CACGGT","AGCCGT","TATGAT"
"TTTCTG","AAATAA","ATGTAC","GCGCTT","TCTGAT","CTGTCA"
"AAGAAA","TATTCG","CATTTA","TATGAT","TCAGGT","TAGTGG"
"CAGCAC","TTGGTA","TTCAAC","GTATCT","CAACCG","CCTGAC"
"TTAGTG","TGATTT","GGGAGT","GGCAAT","CCGATA","GAGCTT"
"GTAAGT","CTCTAT","TGGTAG","AAAAAG","TGGCGA","AGAGAT"
"CGTAAT","TACTCA","GTTAGT","TTCCTA","TGTGAT","GTTTAT"
"AACATA","CCGTCG","GTTCTA","TTCCCG","TGGCAA","ACGCAA"
"CAAGTC","TTGTCT","TATGGT","TTTTTG","CCAAAA","TTCAAC"
"TCGCAT","CCACTA","AGATTT","GATAAA","GAGTTC","CTTCTG"
"TTATAG","AGTTTA","TATTTG","AGCGAG","CGATCG","CTCTCC"
"AAGCCC","GAGAAA","ATGTCG","CAACGA","TTAGAC","AACTTA"
"AGGGTA","GAAGTG","GATTGC","GTTCTT","AGGAGG","TAGTCA"
"CACACA","ATATTC","TTGCAT","TGTGCC","TATCAC","TGCAGC"
"GTATAG","TAGACC","ATTTAC","ACAATA","ACGCTA","TCAAAT"
"TTTGTG","AAGCGT","CTCAGT","TGAATC","TTATGC","AAGACC"
"ACTACT","AAGTGT","CTTTAA","GTGTAA","TATACG","AGATTA"
"AGTTCG","TATACT","TGTACA","GCTCCA","TTATTG","AGAACT"
"CCTTGT","TAAAGT","GCTAGA","GGTAAA","CCAACA","AATGAT"
"CGAGAA","CGGGTC","TCAAGG","GAATGT","ATGTAA","GTTGTG"
"TTCCGG","CCTCAT","TATTTA","CATAAC","ATTCAT","TATTAA"
"AGTCGT","GGCGTT","CTAAAA","ATATCA","CAGCTA","CTTTCT"
"GAATTA","GAACGA","GGGAAG","GAAGCA","CCAAGT","CCATCT"
"TTTCTC","AATACA","ACAAGG","CTCTAT","TGGACA","AAAATA"
"TCTTCG","CGTAAT","CGAGAA","ACGGAC","GGTACT","AATTGA"
"ATGGTT","AATGTT","GTGATA","TTCGAC","GGCAAA","ATAAAC"
"TCGGCG","CATCTA","TCTGGA","TTGTTC","CTTTTC","TATCAT"
"GATAAC","GCTGTG","ATTCTT","TTTTAT","TTAAAA","CGGGTA"
"AGTAGT","CGTTAT","TGTTGT","AAACGA","GCGAAA","GTTTAT"
"GGTTCC","TCCTAC","TATTAA","CGAATA","CCTTAG","ACATGC"
"CCAGCG","TCATGG","CGGTAA","ATGTAT","TCCACT","AGAGAT"
"TAAACC","TACAAC","TATACA","GCAAAT","CTTTAT","TTACGC"
"TTATGT","AACTAT","TGTAGG","TCGTGT","ATCTTC","AGGCGC"
"TTTTGT","GCACTC","GAATGA","ATCTCT","ATGACT","ACACGT"
"CTTTTC","CGTTTC","GTGCTG","GAGTCA","ATCTAG","AAGGGA"
"TACACA","GTAGAA","TTGCTG","ATTCGA","TATGTC","CCTATA"
"ATCTCC","TACGAC","ACACAG","AATATA","TATTGA","TTTAAT"
"ACTTAA","GATATC","AATGTC","ATTTTT","ATGGGC","ACGGGG"
"TTAGTT","ATGTTA","TGCTCT","ACGGAC","CTACAT","CTGATC"
"CACAGT","TTCGCA","CCTAGT","TATCAT","CCTGCG","TTTGCC"
"TCGTTT","GGTTAC","GCTGGT","AACACG","AGAACG","TAGCCA"
"GAGAAG","AGGGAA","ACATTT","GGTAAC","GAATGC","TATTCT"
"GAAAAC","GATAAT","ATTTCT","CTGCAC","GGTACG","AGTGAC"
"GCTTTT","CTTGAT","ATACTG","GTCCTG","GATCAT","TATATG"
"CACGTT","GCGTTG","GGCAAC","GTTACA","TTAAGT","CAAACG"
"GATATG","CTTCAT","TTGGTT","TGGCGA","TAAGAG","ATATGT"
"TCTCGT","ATGTGC","AATTCA","GATGTG","GTATTA","ATATGA"
"CTCGGT","GCTCAT","GTTGTT","GGATTC","CCTTAT","ATCTAT"
"GTACTT","TTCCTA","ATATCT","TTAATT","CCACGC","TCACTG"
"CTCTCC","TGTATG","TTACGT","TTTATG","TGTTAG","AGCATA"
"CAGTTA","TACTCC","TGCTAG","TCGCTA","TGAAAG","TGGTAT"
"CACCTC","AGTTCA","AATCAT","TTAAGC","CTGAGG","AGCACC"
"CCTAAG","GAACTC","ATTCGT","CTACAG","TTGATC","CAAATA"
"AACAGA","TTTCTT","ACCACA","CTACCT","TAAGGC","CTACCG"
"TTGGAG","AGGTTC","GACGGC","ACTTCG","TCTAGT","TGAATG"
"GACATA","GTTCAG","TCTCTT","AAAAGG","GTCCTA","TGACGC"
"ATTGAA","AGTCCA","CGCGTT","TCGATG","ATGCTT","AACGGG"
"AGATCA","ATCTTA","ACTTTG","CATTAG","TAATAA","GTTCGC"
"TTACAA","ACTTTA","TGGTTA","ATATTT","TGTTAA","GTTTCG"
"CTATAG","TGGAAA","ATCTTC","TGAATC","CCTTTA","AGAGTA"
"GGCTAA","TACCTT","GATACA","TGCCAC","GCTCAT","TTTGAG"
"GAATAA","TACAAA","CGTTTG","TTCGAT","ACCGTA","AGGAAG"
"GGCGCC","TTTCTT","CTTGAG","TTTTTT","CTTTTC","GGAAAT"
"ATTCCC","AGCATA","CTGGTG","GTGAAT","GATCAA","TAAAAT"
"TGCATG","TTGCTT","TGCATA","CGTATT","CATATC","ATGTGT"
"AGAGTT","TATTGG","GAGCAA","TTTATC","TTCCAG","GCGTGG"
"GGCAGT","ACCCCG","AGTTTG","TGACCG","GCTGCT","CATTTA"
"TCCATG","CCGGTT","GACTTA","TTGTAA","CCGAGC","ACAGTA"
"CATGAT","ATGCTT","TCAGCA","AATTAA","TATAAT","TTCTCG"
"AGCAAA","TCTTAT","CAAGAC","GGCTAT","ACTATT","ATCCGA"
"CGTACA","TTCTTA","CAAGAG","CTTGAA","AATATC","ATGCAT"
"CATTGC","ACATAA","ATGGAC","CTACCT","ATCCGA","CCGTGA"
"AAGAAC","AAGCGT","CTTACC","ATGTCC","CCCGAA","ACTGTT"
"AAAACT","TGCTGG","TCAGGA","ATGGAC","ACCAAC","TTTTTT"
"AGATTT","TTCCAT","TAAAAG","TCTCTT","GTGTTA","AAACCA"
"TTCTAG","TCAAAC","GATCTA","TGGACC","CGGTGA","CCACCC"
"GAAGAA","CCCGGT","ACAAGG","CGATTA","GTCTTA","TTTCAT"
"AAACTT","GTTGGG","ATACTT","GACAGG","TTACGA","TGGAAC"
"CCCCAG","TTACCC","CTAACG","GAATCT","ATAGTA","CTAGAG"
"AAAGGC","TAACAC","GCTACC","TACATT","ATCCCG","CTTAAT"
"TGCAAC","ATTCCG","TGTGAA","GTATCC","GATCAA","CTCCTA"
"AAATTG","AGAAGG","AACAAA","ATATAC","GGCAGA","GTTGGA"
"ACGCAC","GAAAGG","CTAAGC","AGATTC","ATTAAC","ATCGTC"
"GTAACT","GATATA","ATAAGT","CAGCTG","CTCGGA","AGGAAT"
"TCACTC","CAAATT","CGTCGC","GAGGTT","CAACTA","TGTTGG"
"GGCTGG","TCCTTC","TCGACT","ATCATC","CCATAT","CTTTAC"
"AAAGTT","TAAGCC","TTCAGC","ATATGT","GTTATT","TTCTAG"
"TTGATG","CGGTTT","TTTTTA","AATACT","TTAATT","GGGAAT"
"CTGGTT","TTGTTT","GGCCTA","TGATTG","TCCTAT","TACAGT"
"CATTTA","TCGAAT","CAAGAA","TGTACG","AAAGCA","GGGTTG"
"GTCAGC","ATGTGC","ATCAAA","CTTGAA","TGCTAG","ATATTA"
"TTTTAG","AATCGT","TCATAC","GTAATT","TATCAA","ACATTG"
"TCACGG","TTTATG","CTCTGC","TACCAG","CCGCTA","CCATGC"
"AGGCGA","AAACTT","AACGGC","CACACT","GTCACG","AACATC"
"AGTGTA","AATTGA","TCGCAG","AACGAG","GAACGT","TTTTTT"
"GTTTTG","ACCGGA","GAGTAG","TGGGCA","GTACGG","ACAAGT"
"TTTTTT","CGGAAT","ATATCT","CTATCG","TCCCCT","AGGGCC"
"GTAGCC","ATGAAT","GGCTAA","GTGCAT","CATAGC","ATTCCC"
"TATAAA","TCCTGG","AACATA","GTCCAA","TTGACA","CTATTA"
"TCCTTT","TTAGAC","TCCCAC","GCTTAA","TCTTAG","AGACCG"
"CCACTA","TATACC","GTTCCC","TCGTTT","TAACCA","AACGAA"
"TTAACA","TTGTAT","GGGTAA","GTCGTC","GTTCTA","CCCACT"
"ACAAAT","TAATGA","TTAGAT","GAGTAT","CTTTGG","TCACGA"
"TTCAGA","CAATAG","GATATC","TCCAAC","TTGCCA","GGCCGG"
"CCGGGT","TCGCCC","TCACTT","CTGCAT","GGCGCT","CAACCG"
"CTCTCT","AAACGA","TAACCG","TGAGAA","GAAGGC","ACTGTG"
"AAAGCT","GGCTGC","CCTTTG","TATAAA","CTGTTC","AGAGAA"
"TGATCA","ATATAT","CGGAGA","CAATTA","CAGTCC","GTAGGG"
"ATCCCA","TACATG","CCATTT","CCAGGG","TGCTAT","TGATTC"
"ATTAAA","TAAGAC","TTGCTG","TTCGGT","GAACTT","TATACA"
"GCTGAT","GACAGT","ATCGCT","CTATAT","TCTCAA","GAGTTT"
"TTTATG","CTGAAG","GGGAGG","CAACAT","ATACGA","AAATGG"
"CCGAGA","CATGCG","AACACC","ACCACT","AATCAG","TATATT"
"TTATTC","AAGAAT","TCGAGT","TCCAGC","TTATCT","TAACGT"
"CGGATG","GGTTTA","GCTCAA","GAAAAA","CGAAAA","GACTAT"
"CTTTAG","AAAACT","TCGGGC","AAATAA","CAACTT","GTCATG"
"TACTTT","TATTTA","CATTAA","GTATTC","AATTCA","CTTGAC"
"GACCAG","ATAGTA","CAGTGA","CGACCG","ATAACA","CAATCT"
"AAAACT","TTCAAT","TCTTGT","ATGGGC","TTCCAC","CCTGAA"
"AACTTC","TCTATG","GTGCGC","ACTTCC","GAACTG","CATTTA"
"CGAACA","ATGGCA","AACATA","CTAAGT","CACGAT","ATTTTA"
"CAATTT","CATCTC","CAATCT","TCTTTG","AAATTT","ACTCAG"
"AAAAGT","AAGTAA","TACCTC","ATATTC","ATATAC","ACAAGT"
"ATAAAT","TTTGGA","CATCTC","ACAAAA","CTTGGC","TTCCGC"
"AGAGCT","TGAGTC","AACTGG","GACCCT","GGGGCA","ATTCGG"
"ACAGAA","CGGTGC","TTAAAA","CGCTTC","CATCCT","ATCTCT"
"TTTTTT","TTTGGC","CACGAC","ATAGCA","GACCGT","AATAAT"
"TATCGC","GAGCTT","CTGGGA","TTCTGT","TGACTT","AACCAA"
"CACTCA","TTCCAC","CGGCAT","CGGATG","ACTCTG","GCTATG"
"TATGAT","TGGGAC","ATGCTA","TACAAG","AATTCC","TACTCA"
"ATAAAA","TTAGGA","GTTTAC","GTCATA","GGATTA","CGATGG"
"ATAGAC","TAAATT","TTTGCC","AGAGCT","AGTTAG","GAAACG"
"AAAATT","TACTCA","CTAGGT","GAGGAT","TAGTTC","TAGTGC"
"AAGATC","TTCGAA","CATTAG","TTAAAT","TGGAAG","ACTCTA"
"GGCACA","ATGTTG","TGCCTT","AGCCAC","ATAATA","AGAAAC"
"TTGATT","TAGGTA","ACTCCT","TAAGTT","AGATGA","TTGCGA"
"GAAGAT","AATGAT","CGGGGT","TATGCT","TTACTA","GAAGTC"
"ACAAAC","AAAGCA","ATGGCT","TAAAAC","GTGCAC","CCATAA"
"TGAAAA","AATGGA","CCGCCA","AAGTCT","CCTGAA","GTACGT"
"GGAACA","AAGCCA","AGCATA","GAGTAC","TACAGT","TTCAAC"
"TCTAAT","CTTATG","TCATTA","TTAAAT","GTGTTC","TGGTGG"
"CCGCGA","ACGCTC","CTTCCG","GATTAG","TGCATT","ACCGTT"
"AGCTAT","ATTAGC","CGTTTA","TTTGAA","CTCATC","TATTAC"
"TGATCG","TTAAGT","TAAGCA","AATATT","GCGATT","ATACCT"
"CTTTTT","GCTTAG","AAGCCA","CAATCG","AAACGG","CAATGC"
"TCCTGT","GATCTG","GTCCAG","AGCCTG","TCTTTC","ATTAGG"
"ATCTGA","TCATAT","TCCCTC","GACGAT","ACTGAT","GTGCAA"
"CTAGAA","CGGCTT","GTAGGA","AATATC","TGATAT","CAACCG"
"TATAAA","TAACAA","AGGTAA","CCTTCT","ACGAGA","TATTGG"
"TGGTAC","ACGCTA","TGGAAA","GAGTAG","AAAAAG","GTTCCC"
"CGAGAA","GTTGCT","ACTTCA","TAGTCT","AGCCAG","TATGAC"
"ACGATC","GCGGAT","CCTGAG","AATGCC","GGCCGG","GAAAGC"
"TGAAAA","AAAAGT","GCAAGC","GCGTCT","CGGAGA","ATTAAG"
"CAAGTT","AAGATT","AGTGAA","CTACGT","TCGGTA","GTATGT"
"ATCTAT","AAGCCG","AAAACT","TAGTCG","AAATGC","TTGTAT"
"CAACCG","AAATCT","CATCAG","TCGTTA","AACTAT","CATTTA"
"TAACAC","CTGTGC","GACTAC","CCGCCT","ATAATA","AGCTGT"
"AACAAA","ACATTT","CGCACC","TTAAGA","CGGAAG","GTCCCG"
"CGGCCC","CTCGGA","TGTTTG","CTGTAA","ACTCCA","GTTTTC"
"AATATA","CGGCCT","TGTACA","ATTATG","TCGAAG","ACTTGA"
"CATGTA","CCTCCT","TAGGGT","CCCTAT","GAGTTA","CCCCAT"
"CTCATC","GTTTCC","ATTTAA","ATATTT","AATCTC","GTAAGT"
"GATATG","GATGGT","AGAGGC","TTTAAA","AGCTCT","CTACGA"
"GAGGGG","ACGCTT","ATTCAC","AAGGGT","GTTGAT","TAATTA"
"TTCATT","TTCGAC","GTCTTT","TGAAGA","ATGACT","TATTCG"
"TGGAAT","CGGCTA","TTTCTA","ATAGTA","TAGCTG","GCCTAA"
"AGTTAA","ATTAGA","CAATTA","CATTAT","CGTTCA","GGTCGA"
"CGGCTA","CTAGCC","TACGAG","GATGGT","TTCGAG","CAAGCT"
"GCCTAT","AAACTA","CTTAGA","TTTACC","ATTTAT","CGAAGT"
"GCTGGC","AGGAAA","TAAGAT","GATACC","TCTGGA","CTTCAA"
"GGATAC","ACATTC","TTATCA","ATGTAG","AAACAG","TCGTTA"
"TGGGGT","GGATTA","ATTCTA","TTGGAT","AATTAA","TTCTCG"
"TTCAGA","ATTATT","TCTATC","TGATAT","AACATT","ATAGAC"
"TAAGAA","TACCTA","CGGCCC","TGGACT","AGATGG","CGACAA"
"TACCCT","CTTCGG","TCGTGA","GCTTAC","ATCAGA","AGGCTA"
"ATTAGC","GTACAT","ATTGCT","GACAAA","GCATTG","TACAAT"
"CATCAC","TTCACA","ATCGGT","TTTATT","GCGCAT","GCTAGA"
"AAAGCG","TAGCAC","TGTATA","GTAACG","TGGTCC","ACTAGA"
"GCGGCG","AAATTA","TTGTTC","ACTGCC","AATATT","AATCTG"
"GCCTGT","TATGTT","TTAAGG","GTTAAA","CGAGCG","AAAATA"
"TTACTC","GGTTCG","GTGCGA","ATAGAC","TCAAGA","AGAGGC"
"CTGTTT","CACGAT","CGGACT","GGTGCA","GTAGAA","CCTCGT"
"CCGCGG","GTAATC","ATCGAT","CGTATT","GTTGTT","CGCTTG"
"GACTCC","AGTCCT","GTAACG","CTGAGT","TTGTAC","TGAGGA"
"GCATAG","GTATAA","AGTTTA","ACGAAC","AACCTG","CAAGAG"
"ATATGT","GAAAGA","TATTTA","GACCTG","AGCTCG","GATATA"
"CATTAC","GAGATT","ACGGGA","GCGAAG","TCGGAG","GGCGGC"
"AATCTG","AGAATG","GGGATT","TAAATC","TTCAGA","TGCTGG"
"CGGATG","ATAGTT","CGATAT","AGTGAA","GCTAAA","GGGACG"
"GATGAT","ATATCA","TAACTC","CATGTC","AATAAG","ACAGGC"
"TTGAAC","TCTGTG","AAATTG","ATAAAC","TTGACA","TACGCA"
"ACCAGA","CCCCCA","CTTGAC","TCACCG","ACTGGG","ATAGCT"
"AAAAAA","GTTTTA","TCTTCA","AAACGA","GAGTAG","TTCAAA"
"CCGCAT","TCAATA","GAGGAA","GTCGTC","CGACCG","AGTAGA"
"AGCTGC","ATTGAA","TTATGG","CAATGT","TATGCA","TTATTA"
"TATTTT","CATATG","ACTGTT","CTAGGA","TCTTTA","GGACGG"
"CGTACC","TTTACT","TCCTCC","AGCAGA","TTTATA","TTCATC"
"CGTGGG","TTCTGA","TTAATC","CATGTG","CGTAAG","AAGTGA"
"TGTGCC","CAAGAA","TGCTAC","GGCTGA","TTGGCA","AACGAG"
"AGGTTT","TATTCC","AGGCGA","CGAAAG","AGATCA","GTTGCT"
"ACGCCC","CCGATA","AACCAA","AAATCC","CTCGGC","TGGCGA"
"ATTCGC","AAAGGA","CTGAAG","TAGTAT","GTGATA","TCTCCC"
"TGGGGG","AACGCA","CTAATT","ATATGG","CGAATG","GTTATT"
"TATAGT","AACGAC","CGTCAA","ACGGCG","TGGGTG","CTTCAT"
"TAACGT","TCAGAT","TATTCC","GTAATA","ATCGTT","CCATGA"
"TTAATA","TAGGCT","TACAAC","ACTCAC","CGATTA","CCGTTC"
"ATATAT","TCCGAG","TGGTAT","AGGAAA","TGTACC","CCACCA"
"TGGACG","GTCCTC","AAGAAA","GTTCTA","GATTAA","AAAACT"
"GAATAT","GACGAG","GCAGTT","TACGGG","AACGTA","ACCCCT"
"TTACTT","AGACAG","CCGCTA","TCGGAT","CCGACA","GGAACT"
"TCGATT","TCCTCC","ATGTCC","CTCAGC","ACCTCT","GAATCA"
"ATGTAT","TGCTGG","GGGTGC","AAAGAA","GGACTA","ACGTGT"
"CGCATT","CTGAGA","AAGTAT","GAAGCC","CTTGGA","GAAGGT"
"TTAGAT","TCCTCA","AAGCTC","CATAGC","AGAGTA","AGCGTT"
"CCTGGC","TCAAAA","CAAGGT","TCACTC","TGATTC","AGCGAA"
"GGCATG","ATGATA","TCGAAT","GGCTTG","AGCGTT","CACCAC"
"AATCTT","CAGCAG","GGTGCG","TCCTAA","ATATTT","CCACGC"
"CACAAC","TTGAGT","CATATC","TCCTTG","CGAGTA","ATTGCG"
"TGTTCC","CCAACT","ACGTTG","TGTAAA","AGTGGA","AACCCA"
"CATATA","AGGGTA","TAAGGT","ACACGT","GTCGAC","CGTTCG"
"ACGCGG","GTGAAT","TTCTAG","CGAATG","ACCGCT","CGCCAT"
"GTCTCT","CTTGGA","ATTAGC","TGGGTA","ACATTA","TGGTTG"
"TAGACT","ACAATT","TCCATT","TTCAGT","TTTGTC","ACCTTT"
"CCACGT","TGATGA","TTACAA","GAGTAC","ACCGCC","CGCATA"
"AATGCT","TATAAC","GAGTCG","TCAGGG","CAGTAC","ACAGGC"
"ATAATG","AGTCCC","GGACGT","GGCTTA","CATGTT","TAATTT"
"AATCTG","AAGTAT","TGGTCA","GCGATT","TCTTCG","AGCCAG"
"CATTAA","ACATGG","GGGTAG","GAGATG","CATCAC","GTAGGT"
"GTTAAG","TGCGAT","TGGCGT","GTTGCC","CCCCAG","CTAAAT"
"GTGGAC","CTTTGA","CTAAAA","AGTGTA","GCAATT","GATAGT"
"GCGGTT","TTACTT","TGTGAA","AACTAC","CTGTCA","TCCACC"
"TGCTAC","TCGTAG","GAAATC","AACATA","ACAATG","GTTAAC"
"AAGCAA","TTTTGT","CTCGCC","CTTTTG","AGACGC","GGTGTA"
"TCATTA","AAATTT","AACCTC","TTATAT","ATTTGC","CGTTCA"
"AGATGC","CCCATT","GAAGGT","AGGGTA","CGACTG","CGGAAT"
"AAAGAG","ACACCG","GTAAAC","TTCGTA","CCGCAA","TAACCG"
"ATACGG","GTTTCC","TTATTC","AAAACG","CGACAG","ACGTAT"
"GAAATA","CAATAA","CGAACT","AGCCCA","TGCTAC","TCCAAC"
"GCAGGC","ATGCAG","AAGCAT","TGACAT","TATAGC","TATTTC"
"TAACTC","TTAAGA","CTTAAA","ATCTAT","GAGAGA","TTATGT"
"CTCCAC","CCGTAG","TTATAG","GGTGAG","TTCGGT","ATATAG"
"AATGAC","AATGAC","CAAAGG","CTCAAG","CTGGCT","AATTCC"
"AGACCA","CCCAAC","GAACGG","GAACAT","AGCGTC","GAGTCC"
"CTTCGT","CGGCTC","ATTTTA","GACAGT","TCTCTC","CTCATG"
"TTCCGG","AGGATG","TAATAC","AGTCAT","GCAAAA","ACTTCG"
"GGGGTA","GAGTAA","AGGTAA","GTCGTC","AAGATT","TGGTTG"
"AATCCG","ATTATC","TTTGTA","GCCCTG","TGATAT","GGTAAG"
"ATGTAA","GTGTAT","TAGGAA","GTTTCG","TTAGTA","CCGCTT"
"ATCTGA","GCTACT","GCTGTA","GTACAC","TAAATC","ACGCTA"
"GAAAGG","GAGTCC","TCGTAA","ATGGCA","TTAATT","CTCGCT"
"GACATA","CAACGC","CTAAGT","GTAAAC","TCGCGA","AATACT"
"AGGCAA","ACCGGA","TATACC","TCTGAG","TTCCAC","ACTTGA"
"TTCGTT","TAGGCC","ATACAC","GATAAT","TTGCCA","AGCATT"
"CTAGAT","TTAATT","CCATAC","GCTGGA","CGCTAT","GAAGTT"
"AAGCGT","CCAGTC","CCGAAC","GAACAT","GACCGC","ATCGTC"
"ACCATT","TACGTG","GAATCT","TGGGAA","AGTGTT","ACGAAC"
"AAGGTC","TATCAT","TTGATA","GTTAAC","CCACTG","ATTTCA"
"CAGCAA","TAAAAT","TCATGA","GGACAA","AAATAA","CCATAG"
"ACAACT","GCACGC","CGTCAA","TTGATA","CGACGT","TGGACT"
"CTAAAC","GCATTT","CTTGCA","GACCGA","ATCCGA","ATAGGA"
"AAACTT","AGACAG","GTGGTT","CAAATT","TACCAC","GACTAG"
"AACAAA","ATTTAT","TTCGCT","ATTTGT","ACTACA","CCTAGA"
"ACTGGC","TAGTTA","GTTGGC","ATAAGG","TGCACG","AGACGT"
"AACGAC","TTAGGT","TAACAA","GAGTAC","GCATTG","ACATCC"
"TAGTTA","GCTTTA","AACATG","ACATGC","AGACTC","AGTGGA"
"GGCTAC","AATTAA","CTGCAT","GGATGT","CAAAGC","CGAATG"
"TATGAC","ACGAGT","GGATGA","TTACAT","AACGGG","GATTAG"
"GTGCTG","AATGAC","CACAAT","CTGCAG","GTCTGT","ATGCAG"
"ATTAAC","CCACCT","TGATTC","GTCGAC","ATAATT","AAAGCC"
"TTACTA","TGGCGC","AGCGTC","GCAGAT","GTTATT","AACGGT"
"GTTTAA","ATCCAA","ATAATT","TTTGAG","TAGGTT","AAAATA"
"GATAAT","CAATAA","CTCTCA","CTTTAT","TGTGGC","AAGTTT"
"GAGCCT","GCTATT","GATAAA","GTTAAT","AAGAAC","AAGATT"
"CCTGGT","TATAGG","CTACGA","CGTGCT","TCTCTA","TTGAAA"
"AAATCA","TAGGTG","AGCATC","ACCTAT","TTCTGT","CATTAA"
"ACCCCG","GTACCC","CTTCTA","CATATT","AAATTA","AAAACA"
"CCCTTC","GTTCAT","ACCCGA","GTGTCA","GTAGAT","TCCATC"
"CGTTAT","TTGGCT","AGTTTA","ACCTAA","TGACTG","ATATCT"
"CCCAAT","TAACCC","GATTAT","ACCCAT","ACGTTC","TAATAG"
"ATCAAA","GAGTAT","TTCCCA","TTAACT","TCTCGT","ATCTAG"
"ACCTTT","CGTCCG","ACCCAA","TTTGAG","ACTAAG","ATTAAA"
"TCTCAA","TGGAGT","CTCACT","TATAAA","CTTAAA","TACACT"
"TAAAGG","CGGGGC","CATTTA","ATTGTT","TGAAAG","CCGATG"
"GCTTCC","AAAACA","CCCTAA","CAGGCC","CTTAAC","ATTCGT"
"GCAATA","TATCTT","CAGAAC","AGGCGA","GTGGCA","TCCGCT"
"GGGGCC","TGACGA","TCCGGG","GAATCA","AAAACA","TATGGT"
"TGAATG","ATCAGC","ACCTAG","TAGTAC","AAATGT","CAAACA"
"AAGGGG","TAATAT","AGTTCT","TATATT","AACTCT","TTCTCA"
"CAATTT","CAATCT","AAGAAA","ACAACC","AAATTA","TGCTTA"
"TCTAAT","TATGAT","TTTACT","CATTAA","AGATAA","AACTTC"
"TACAGA","CTTAAT","GTATAG","TTGGCT","AAAAGT","GGTTAG"
"CTATTC","TGCTTC","AAATTC","TGGGTT","ATGGGC","CCGATT"
"GAAGGT","TTCAAA","GCTTAA","TGCTGG","ATGTAT","ACTGAT"
"AATGTG","ACATGA","TAAGAG","CATTTT","TCGCAC","TGTCTA"
"GAAGAA","TACAAT","AACCAC","GACTGT","AAGATA","TATGTA"
"CCGATG","AAATCA","GAAACT","TTACAC","TGTAAA","GGCTAC"
"GCAGGT","TTCGTT","GAGGTG","TCTGTA","ATTGAA","CTTGAA"
"AAAACG","CTAAAG","TATCGA","ATATTA","CAATTT","CTGCTC"
"AACGAA","GGATGC","CCCCTT","AAAATT","ACTTTA","GTTTGA"
"TATAGC","AATTAA","ATGTGG","TATTTA","TCACGA","TGATTA"
"GACTAC","TACCAA","GCGCTG","TTAACC","TCTATT","GTGCGT"
"ATCAAA","CTCTTG","AAAGTC","TTCTGA","AGACAA","ATGCGT"
"TCCGTG","GTTCTT","ACCGAC","CAGTAT","ACTTAG","CAAATG"
"CCCAAA","CGCCAA","TGACAC","CGGTCA","ACGCTG","AGTTTT"
"GACTCA","ATAAAC","AAAGGT","CCTTCG","ATAAAA","CACAAG"
"GGACTA","ATTCGT","AAGCGG","CAACGC","AACATC","CATAAC"
"TACTTT","ACATTA","TCCAGA","TAGGAA","TCGGTA","GTTTTT"
"CTCCAT","CTTAAA","TAAATA","ATTAAG","GGGCCA","CAATTT"
"TGTGAA","GATATG","ACCCTA","AGGCAC","TTTTAG","CCATTA"
"GGACTA","CATGTT","TCATCA","GCTTGA","ATTAAT","GTAAAC"
"CGATTA","GCACTA","AGGGAT","TACCGC","TCTCAC","TACCAT"
"AAATCA","ATTTGA","AACTAC","TAATTT","TCGGTT","TCGATC"
"TGTTTA","TCTTAT","CTCAAT","ATCCTA","ACTGTA","TCTTCA"
"CTTATA","AGTGAT","TTGTTA","ATTAAC","CTGGTT","GCAGGA"
"AATAAC","GTTTAT","TCCTGT","CTGTAC","CTAGTC","AACGTC"
"AATGCC","TATAGC","AACACC","TTCTAA","CGCAAA","CCCACC"
"TTAAAA","ATGGAA","CTCGTA","GTAGCC","AGATAT","ACAACG"
"TAACTG","GAGATT","TTGTTC","ACTATG","ATGTAC","ACGATT"
"CATGTA","AAAGTA","TTGCAA","AAAGCT","TTGAAT","GTAAAA"
"AACAAA","TCGCAG","TCGTTG","GTCGAC","AGATTC","AGCTAG"
"ACCTTT","AGAATT","CCTATA","CTAGCA","CAAGTT","CTATGG"
"GCATCT","GGTCGT","TTGATG","GCCCTC","CCCTGT","CCGATT"
"ACTTCT","AAAACA","CTAGAT","ACCGCA","GGCTAC","TTATGG"
"ATACTC","GTACGG","AATGAA","AAAATG","GTGGCT","CTTCCT"
"GCTAAT","GTTCGG","TCAGAA","GTGTGA","GAGTTT","GGATGA"
"ACATTT","GTTTAT","GGAGAG","TCAAAA","ACCGAG","GTACAG"
"GAGTGA","TCGTAC","ACGCTA","TCACCG","TGACTA","ATTAAC"
"TGTGTC","CTAGCA","CCAATT","TTAGGA","ATGGCC","GATAAT"
"CGATCC","TCTCTT","TGCCGC","TATTAA","GCCGAT","TAAACA"
"ACATAA","AGGTCG","CTAAGA","AAGCAA","GGAAAA","ATGTTA"
"ATCTAT","GTAGGT","CACAAG","TGAATT","TTTACT","TGCCGG"
"CCATCA","AGATTG","ATTAAC","CCGACG","TGCAAA","ACCTTT"
"CCGCCT","TGTATT","GCTCAG","GTGTCA","GTAATC","CTTGAG"
"TAGTCA","CAACAT","AAGGCT","TGTCGG","TTAACG","TCAATG"
"CGTCAC","AATCGT","TAGTCT","CTTTTA","TTGCCA","GTAGTA"
"GTTTTA","AATGAT","TCGTTT","CCCCTG","ATCTCC","CTCGCG"
"TGGGTT","ATTTTT","GCCGAT","TGAGGC","TCCCCT","TTTGCC"
"TTCCAG","AGTAGT","TGTGGC","GATTTT","TTTTTA","TGGCAC"
"TTAATT","GTGATC","GCGAGA","GATTAA","AACGTA","ATTCTG"
"GTTAAT","GCAAAA","TATTGG","AGAATT","TAGCAT","ATGTTC"
"AAAGCG","TTGAGC","AAGACC","TTGATC","TGCGGA","GGATAT"
"AGCAGA","AATGTG","AGTCTC","CAAAAT","ATTACA","AGCCAC"
"AAGTGT","GAAACG","GGTTTA","GCCTGT","GCAAGT","TTCATC"
"ATAGTT","AAAAAC","CCGCTG","TTGCCT","AAACTC","ATCTAC"
"TACGGG","AAGATT","ACGGAA","TTTCCC","TTTTCG","TATTAA"
"TCTCTA","CCTATA","AATACG","TCGTTA","TTAGTG","CATGAT"
"CGTTTA","TTAAGA","TAGACT","CTTAGA","GAACCC","TAGGAC"
"AGCCGG","GTCACG","TGCGAA","TTTAAT","GAGCTC","CATCCT"
"TATTGA","AATCCC","TTCAGT","AGTATC","ATGCAG","AAAACG"
"TATGTT","TTAACG","CTTCAG","TAATCT","CATTTA","TAAATG"
"ATTGAT","TAGAAG","TCAAGG","GTCGCT","AGCGGA","GATCAA"
"ATGATG","GAATGA","GATGCG","AAATAG","ATCATA","CGGGTC"
"TCTTCC","AAAGTC","ATGCAT","AGCAGT","AATTGG","GAAGGG"
"GAGCAG","CAGAAA","TGCGCG","GCTTAA","GACTAC","CCTTCA"
"TACTCA","AGGATC","GCGGCA","AAAGTT","CGATTA","CTTAGT"
"GACTTA","GTTTAG","CACAGA","TAGATT","TTTTGT","TGCAGT"
"ACCTCT","TTAATA","GTAGAT","TTTAAA","AAGTAC","AGCCCA"
"TTTGGA","CTTGTG","GCTGCT","ATTGTC","TCCCCG","GTGCTG"
"TCGCCC","ATTCAA","TCTAGT","GCCGAT","ACTCAA","GCCCTA"
"ATTACT","AAATAC","TTGACC","ATACAG","ACCTCC","TTTCAT"
"TAGGAA","CACTAC","AATCAT","TAGGTT","TCCATG","TTTTCA"
"CCATCA","GGTAGG","AACGCG","TAGGGC","CCGTTA","CGTTTA"
"CGCCCA","AGCTCC","ACGCAA","GTTCAT","CTCTTT","GATTAG"
"AGCAAG","AAACAT","CGAGTG","TGTTAA","TGGGTT","GATTGT"
"TGTTGA","CTCCCT","CGGAAG","ATAACC","CCTTGC","CTCCTC"
"CAAAAA","AGAAAT","TCGACT","AATAAA","ATCTAC","GATGTA"
"TGTGGA","TATAAG","GAAGAC","GCTTTT","CTATTT","GTCCCT"
"AGTCAG","CCCTGT","TCTATT","CGGATA","ATTGCA","CTATAA"
"CGTCTT","CCAAAA","TCGATA","TAATCC","GACCGG","GAGTTC"
"GCCCTA","TCATTC","GCTTTT","ATTCGT","AAAACG","AGTCAT"
"CAAGGA","GCCAAT","GGGGAC","AACATT","CGGTCT","TACGCT"
"AGTAAT","CTCGGG","GCGCAA","AATCCA","GGGCCA","CGATTT"
"TCCCTG","AAAGGC","GATTCG","TTATTG","CGCACT","AGTTCT"
"GCGTCC","AGTTAG","TTAACT","GGAAAG","TCCGGT","CAAACG"
"CGAGTC","AAGTAT","AAAAAG","TATAAT","TTATTT","ATTAGC"
"ATCCAA","ATGTTT","AATATA","TCAGTT","CAGTGA","AGCGTG"
"GATATA","TGCCAC","AGCATC","TTTAAT","ATCATT","TACTGA"
"CAACAA","GTACAA","GTTGTT","CGAAAT","TAGGAT","GCAGCG"
"ACAGTC","TGCAAT","TTATGT","CTGTGA","TTTCTG","CCTCAC"
"GTATTT","TACATA","ATTTGC","CGCTGG","GAGCTT","AAGCTT"
"ATTAAA","TTCCAA","AACTAA","CCTAAT","GAGTTG","TAAAGC"
"TTTCCT","CGACTC","TGGCTT","GATACA","TTTGAG","CTAAGT"
"CAGAGG","TTGTGC","CTCTAG","AAGTTG","TACGAT","AAGGGA"
"TACTTT","TACTAG","TTGAGG","GATGGT","TTAAGA","AGACGG"
"AGGATA","CTTAAG","CCAATA","GCAGAG","ACGGAG","TATTAA"
"TTCACG","AGTATT","TAGTTT","ACACTT","GTAGCG","TTCATA"
"AAGATT","GTACAT","CGAGTT","TGCAAC","TATTAC","CACCTG"
"GTCATG","AATCGA","GTAGTG","TGTTAT","ATTGTT","TCCGTC"
"AGATTT","AACACC","TCAGCA","ACGTAT","CAGTCA","AGGAGG"
"GTAATC","AGTGCA","TTTCCA","TGAAGG","CTTGCC","TTACCG"
"GCCTTC","TCGCAG","CTGATC","TGTTTA","GAGAAT","TTTAGT"
"AACCGT","TCGGCC","CAAATT","TAGAAG","GTATGT","TGTTTT"
"ATACTA","GAGCAA","CGTGAG","CATAAT","AACCAT","CTTTCG"
"CAATGT","TGTTAA","ACCAAA","CACGAC","GATCCT","TGATTA"
"AACGCT","TTGATT","TTTGGC","ATAGAC","CAATGT","TATCGA"
